<?xml version="1.0" encoding="UTF-8" ?>

<beans xmlns="http://www.springframework.org/schema/beans"
xmlns:xsi="http://www.w3.org/2001/XMLSchema-instance"
xmlns:context="http://www.springframework.org/schema/context"
xmlns:mvc="http://www.springframework.org/schema/mvc"
xsi:schemaLocation="http://www.springframework.org/schema/beans
http://www.springframework.org/schema/beans/spring-beans.xsd
http://www.springframework.org/schema/context
http://www.springframework.org/schema/context/spring-context.xsd
http://www.springframework.org/schema/mvc
http://www.springframework.org/schema/mvc/spring-mvc.xsd"
>

<mvc:annotation-driven />
<context:component-scan base-package="com.games.service" />
<context:component-scan base-package="com.games.dao" />
<context:component-scan base-package="com.games.controller" />

<context:component-scan base-package="com.games.*" />

<!-- View resolver -->
<bean id="viewResolver" class="org.springframework.web.servlet.view.InternalResourceViewResolver">
<property name="prefix" value="/WEB-INF/view"/>
<property name="suffix" value = ".jsp" />
</bean>


<!-- Configure to plugin JSON as request and response in method handler -->
<bean class="org.springframework.web.servlet.mvc.method.annotation.RequestMappingHandlerAdapter">
    <property name="messageConverters">
        <list>
            <ref bean="jsonMessageConverter"/>
        </list>
    </property>
</bean>
<!-- Configure bean to convert JSON to POJO and vice versa -->
<bean id="jsonMessageConverter" class="org.springframework.http.converter.json.MappingJackson2HttpMessageConverter">
</bean>   

</beans>